<?xml version="1.0" encoding="UTF-8"?>
<EmployeeDetails>
   <Employee  EmployeeNo="7369">
         <EmployeeName>SMITH</EmployeeName>
         <JOB>CLERK</JOB>
         <MGR>7902</MGR>
	 <HIREDATE>17-DEC-1980</HIREDATE>
         <Salary>"21100"</Salary>
         <COMM>"200"</COMM>
         <DEPTNO>"20"</DEPTNO>
    </Employee>
<Employee  EmployeeNo="7499">
         <EmployeeName>ALLEN</EmployeeName>
         <JOB>SALESMAN</JOB>
         <MGR>7698</MGR>
	 <HIREDATE>20-FEB-1981</HIREDATE>
         <Salary>"1600"</Salary>
         <COMM>"24820"</COMM>
         <DEPTNO>"30"</DEPTNO>
    </Employee>
<Employee  EmployeeNo="7521">
         <EmployeeName>WARD</EmployeeName>
         <JOB>SALESMAN</JOB>
         <MGR>7698</MGR>
	 <HIREDATE>22-FEB-1981</HIREDATE>
         <Salary>"1375"</Salary>
         <COMM>"19700"</COMM>
         <DEPTNO>"30"</DEPTNO>
    </Employee>
<Employee  EmployeeNo="7566">
         <EmployeeName>JONES</EmployeeName>
         <JOB>MANAGER</JOB>
         <MGR>7698</MGR>
	 <HIREDATE>02-APR-1981</HIREDATE>
         <Salary>"3175"</Salary>
         <COMM>"NULL"</COMM>
         <DEPTNO>"20"</DEPTNO>
    </Employee>
<Employee  EmployeeNo="7654">
         <EmployeeName>MARTIN</EmployeeName>
         <JOB>SALESMAN</JOB>
         <MGR>7698</MGR>
	 <HIREDATE>28-SEP-1981</HIREDATE>
         <Salary>"1375"</Salary>
         <COMM>"20600"</COMM>
         <DEPTNO>"30"</DEPTNO>
    </Employee>
<Employee  EmployeeNo="7698">
         <EmployeeName>BLAKE</EmployeeName>
         <JOB>MANAGER</JOB>
         <MGR>7839</MGR>
	 <HIREDATE>01-MAY-1981</HIREDATE>
         <Salary>"2850"</Salary>
         <COMM>"NULL"</COMM>
         <DEPTNO>"30"</DEPTNO>
    </Employee>
<Employee  EmployeeNo="7521">
         <EmployeeName>CLARK</EmployeeName>
         <JOB>MANAGER</JOB>
         <MGR>7839</MGR>
	 <HIREDATE>09-JUN-1981</HIREDATE>
         <Salary>"2450"</Salary>
         <COMM>"NULL"</COMM>
         <DEPTNO>"10"</DEPTNO>
    </Employee>
<Employee  EmployeeNo="7839">
         <EmployeeName>KING</EmployeeName>
         <JOB>PRESIDENT</JOB>
         <MGR>7NULL</MGR>
	 <HIREDATE>17-NOV-1981</HIREDATE>
         <Salary>"5000"</Salary>
         <COMM>"NULL"</COMM>
         <DEPTNO>"10"</DEPTNO>
    </Employee>
<Employee  EmployeeNo="7788">
         <EmployeeName>SCOTTT</EmployeeName>
         <JOB>ANALYST</JOB>
         <MGR>7566</MGR>
	 <HIREDATE>19-APR-1987</HIREDATE>
         <Salary>"2000"</Salary>
         <COMM>"NULL"</COMM>
         <DEPTNO>"20"</DEPTNO>
    </Employee>
<Employee  EmployeeNo="7934">
         <EmployeeName>MILLER</EmployeeName>
         <JOB>CLERK</JOB>
         <MGR>7782</MGR>
	 <HIREDATE>23-JAN-1982</HIREDATE>
         <Salary>"1430"</Salary>
         <COMM>"200"</COMM>
         <DEPTNO>"10"</DEPTNO>
    </Employee>
</EmployeeDetails>